{
	"X": [0.463,0.463,0.463,0.463,0.463,0.463,0.463,0.463,0.463,0.463, 0.463, 0.463, 0.463, 0.463, 0.463, 0.463, 0.463, 0.463, 0.463, 
	0.463, 0.463, 0.463, 0.4705216263454529, 0.4927093396292743, 0.5284505552595911, 
	0.5759530594423801, 0.6328348782647326, 0.6962437198131057, 0.763, 0.763, 
	0.815409090909091, 0.8678181818181818, 0.9202272727272728, 0.9726363636363636, 
	1.0250454545454546, 1.0774545454545454, 1.1298636363636363, 1.1822727272727274, 
	1.2346818181818182, 1.2870909090909093, 1.3395000000000001, 1.391909090909091, 
	1.4443181818181818, 1.4967272727272727, 1.5491363636363635, 1.6015454545454546, 
	1.6539545454545457, 1.7063636363636365, 1.7587727272727274, 1.8111818181818182, 
	1.863590909090909, 1.9160000000000001, 1.9160000000000001, 1.9827562801868945, 
	2.0461651217352674, 2.10304694055762, 2.150549444740409, 2.1862906603707257, 
	2.2084783736545472, 2.216, 2.216, 2.216, 2.216, 2.216, 2.216, 2.216, 
	2.216, 2.216, 2.216, 2.216, 2.216, 2.216, 2.216, 2.216, 2.216, 2.216, 
	2.216, 2.216, 2.216, 2.216, 2.2084783736545472, 2.1862906603707257, 
	2.150549444740409, 2.10304694055762, 2.0461651217352674, 1.9827562801868943, 
	1.9160000000000001, 1.9160000000000001, 1.863590909090909, 1.8111818181818182, 
	1.7587727272727274, 1.7063636363636365, 1.6539545454545457, 1.6015454545454546, 
	1.5491363636363635, 1.4967272727272727, 1.4443181818181818, 1.391909090909091, 
	1.3395000000000001, 1.2870909090909093, 1.2346818181818182, 1.1822727272727274, 
	1.1298636363636363, 1.0774545454545454, 1.0250454545454546, 0.9726363636363636, 
	0.9202272727272728, 0.8678181818181818, 0.815409090909091, 0.763, 0.763, 
	0.6962437198131056, 0.6328348782647326, 0.57595305944238, 0.5284505552595911, 
	0.4927093396292743, 0.4705216263454529, 0.463, 0.463, 0.463],
"Y": [2.123090909090909, 2.766636363636364, 3.410181818181818, 4.053727272727273, 
4.697272727272727, 5.340818181818182, 5.9843636363636366, 6.627909090909091, 
7.271454545454546,7.915, 8.558545454545454, 9.20209090909091, 9.845636363636364, 10.489181818181818, 
	11.132727272727273, 11.776272727272728, 12.419818181818181, 13.063363636363636, 
	13.706909090909091, 14.350454545454545, 14.994, 15.228549444740409, 
	15.264290660370726, 15.286478373654546, 15.294, 15.294, 15.294, 15.294, 
	15.286478373654546, 15.294, 15.294, 15.294, 15.294, 15.294, 15.294, 
	15.294, 15.294, 15.294, 15.294, 15.294, 15.294, 15.294, 15.294, 15.294, 
	15.294, 15.294, 15.294, 15.294, 15.294, 15.294, 15.294, 15.294, 15.294, 
	15.264290660370726, 15.228549444740409, 15.18104694055762, 15.124165121735267, 
	15.060756280186894, 14.994, 14.994, 14.350454545454545, 13.706909090909091, 
	13.063363636363636, 12.419818181818181, 11.776272727272728, 11.132727272727273, 
	10.489181818181818, 9.845636363636364, 9.20209090909091, 8.558545454545454, 
	7.915, 7.271454545454546, 6.627909090909091, 5.9843636363636366, 5.340818181818182, 
	4.697272727272727, 4.053727272727273, 3.410181818181818, 2.766636363636364, 
	2.123090909090909, 1.4795454545454545, 0.8360000000000001, 0.836, 0.7692437198131057, 
	0.7058348782647326, 0.64895305944238, 0.601450555259591, 0.5657093396292744, 
	0.543521626345453, 0.536, 0.536, 0.536, 0.536, 0.536, 0.536, 0.536, 
	0.536, 0.536, 0.536, 0.536, 0.536, 0.536, 0.536, 0.536, 0.536, 
	0.536, 0.536, 0.536, 0.536, 0.536, 0.536, 0.536, 0.536, 0.543521626345453, 
	0.5657093396292744, 0.6014505552595911, 0.64895305944238, 0.7058348782647327, 
	0.7692437198131058, 0.8360000000000001, 0.8360000000000001, 1.4795454545454545
	]
	}
	